{"sigma": 1.0236496067148228e-08, "scale": 0.6091517744563402, "rho_max": 762867005.3528244, "cushion": 127175429.2635399, "beta_a": 4.6742847542288206e-08, "beta_r": -2.0159076432007463e-08, "alpha_a": 654467227.7248278, "alpha_r": 781658083.3201507, "D_a": 3.1637521819784214e-09, "D_r": 8.648409207325669e-08, "gamma_a": 0.32851535597185816, "gamma_r": 0.071111701947834, "s_a": 3056.8946707080927, "s_r": 631.2001340683969, "rho0": 9582653135.3313}