{"sigma": 1.3151033841070388e-08, "scale": 0.32092409724649174, "rho_max": 1379407298.1378148, "cushion": 53836925.75268686, "beta_a": 8.392978200771974e-08, "beta_r": -3.9996188665921914e-08, "alpha_a": 2783882.6847919393, "alpha_r": 426234669.5115654, "D_a": 9.936051856491988e-09, "D_r": 1.013686288490078e-07, "gamma_a": 0.6702956034310147, "gamma_r": 0.028189636453518338, "s_a": 8998.241315612195, "s_r": 727.7052078548218, "rho0": 1508781525.2537398}